<?xml version="1.0" encoding="UTF-8"?>
<beans:beans
	xmlns="http://www.springframework.org/schema/mvc"
	xmlns:security="http://www.springframework.org/schema/security"
	xmlns:xsi="http://www.w3.org/2001/XMLSchema-instance"
	xmlns:beans="http://www.springframework.org/schema/beans"
	xmlns:context="http://www.springframework.org/schema/context"
	xsi:schemaLocation="http://www.springframework.org/schema/mvc http://www.springframework.org/schema/mvc/spring-mvc.xsd
		http://www.springframework.org/schema/beans http://www.springframework.org/schema/beans/spring-beans.xsd
		http://www.springframework.org/schema/security http://www.springframework.org/schema/security/spring-security.xsd
		http://www.springframework.org/schema/context http://www.springframework.org/schema/context/spring-context.xsd">

	<!-- DispatcherServlet Context: defines this servlet's request-processing 
		infrastructure -->

	<!-- Enables the Spring MVC @Controller programming model -->
	<annotation-driven />

	<!-- Handles HTTP GET requests for /resources/** by efficiently serving 
		up static resources in the ${webappRoot}/resources directory 
	<resources mapping="/resources/**" location="/resources/" />
-->
	<!-- Resolves views selected for rendering by @Controllers to .jsp resources 
		in the /WEB-INF/views directory -->
	<beans:bean
		class="org.springframework.web.servlet.view.InternalResourceViewResolver">
		<beans:property name="prefix" value="/WEB-INF/views/" />
		<beans:property name="suffix" value=".jsp" />
	</beans:bean>

	<context:component-scan
		base-package="com.journaldev.spring" />
    
    <beans:bean id="dataSource" class="org.springframework.jdbc.datasource.DriverManagerDataSource">
        <beans:property name="driverClassName" value="org.postgresql.Driver"></beans:property>
        <beans:property name="url" value="jdbc:postgresql://localhost:5432/postgres"></beans:property>
        <beans:property name="username" value="postgres"></beans:property>
        <beans:property name="password" value="amol"></beans:property>
    </beans:bean>
    
    <beans:bean id="sessionFactory"
    class="org.springframework.orm.hibernate4.LocalSessionFactoryBean">
    <beans:property name="dataSource" ref="dataSource" />
    <beans:property name="hibernateProperties">
        <beans:props>
            <beans:prop key="hibernate.dialect">org.hibernate.dialect.PostgreSQLDialect</beans:prop>
            <beans:prop key="hibernate.show_sql">true</beans:prop>
            <beans:prop key="hibernate.hbm2ddl.auto">update</beans:prop>             
        </beans:props>
    </beans:property>
</beans:bean>
    
</beans:beans>
