<beans:beans
	xmlns="http://www.springframework.org/schema/mvc"
	xmlns:security="http://www.springframework.org/schema/security"
	xmlns:xsi="http://www.w3.org/2001/XMLSchema-instance"
	xmlns:beans="http://www.springframework.org/schema/beans"
	xmlns:context="http://www.springframework.org/schema/context"
	xsi:schemaLocation="http://www.springframework.org/schema/mvc http://www.springframework.org/schema/mvc/spring-mvc.xsd
		http://www.springframework.org/schema/beans http://www.springframework.org/schema/beans/spring-beans.xsd
		http://www.springframework.org/schema/security http://www.springframework.org/schema/security/spring-security.xsd
		http://www.springframework.org/schema/context http://www.springframework.org/schema/context/spring-context.xsd">
 
     <beans:import resource="servlet-context.xml"/>

	<security:http>
		<security:intercept-url pattern="/login" access="hasRole('ROLE_USER')" />
		<!--   <security:http-basic />        -->
		<security:form-login login-page="/user" default-target-url="/home" username-parameter="username" login-processing-url="/login" 
					password-parameter="password" always-use-default-target="true"  authentication-failure-url="/LoginFailed" />
		<security:logout logout-success-url="/login"/>
		 <security:csrf disabled="true"/>  
	</security:http>
<!--  	<security:authentication-manager>
		<security:authentication-provider>
			<security:user-service>
				<security:user name="rahul" password="1234"
					authorities="ROLE_USER" />
			</security:user-service>
		</security:authentication-provider>
	</security:authentication-manager>
-->
<security:authentication-manager>
	  <security:authentication-provider>
		<security:jdbc-user-service data-source-ref="dataSource"
		  users-by-username-query=
		    "select username,password, enabled from users where username=?"
		  authorities-by-username-query=
		    "select username, role from user_roles where username =?  " />
	  </security:authentication-provider>
	</security:authentication-manager>
</beans:beans>